( 	(
) 	)
â†’  	->
Â¬  	-.
wff  	wff
âŠ¢  	|-
&  	&
â‡’  	=>
ğœ‘ 	ph
ğœ“ 	ps
ğœ’ 	ch
ğœƒ 	th
ğœ 	ta
ğœ‚ 	et
ğœ 	ze
ğœ 	si
ğœŒ 	rh
ğœ‡ 	mu
ğœ† 	la
ğœ… 	ka
â†”  	<->
âˆ¨  	\/
âˆ§  	/\
âŠ¼  	-/\
âŠ»  	\/_
,  	,
if- 	if-
âˆ€ 	A.
setvar  	setvar
ğ‘¥ 	x
class  	class
=  	=
ğ´ 	A
ğµ 	B
âŠ¤ 	T.
ğ‘¦ 	y
âŠ¥ 	F.
hadd 	hadd
cadd 	cadd
ğ‘§ 	z
ğ‘¤ 	w
ğ‘£ 	v
ğ‘¢ 	u
ğ‘¡ 	t
âˆƒ 	E.
â„² 	F/
[ 	[
/  	/
] 	]
âˆˆ  	e.
ğ‘“ 	f
ğ‘” 	g
âˆƒ! 	E!
âˆƒ* 	E*
{ 	{
âˆ£  	|
} 	}
âˆ§  	./\
âˆ¨  	.\/
â‰¤  	.<_
<  	.<
+  	.+
âˆ’  	.-
Ã—  	.X.
/  	./
â†‘  	.^
0  	.0.
1  	.1.
âˆ¥  	.||
âˆ¼  	.~
âŠ¥  	._|_
â¨£  	.+^
âœš  	.+b
âŠ•  	.(+)
âˆ—  	.*
Â·  	.x.
âˆ™  	.xb
,  	.,
âŠ—  	.(x)
âš¬  	.o.
ğŸ  	.0b
ğ¶ 	C
ğ· 	D
ğ‘ƒ 	P
ğ‘„ 	Q
ğ‘… 	R
ğ‘† 	S
ğ‘‡ 	T
ğ‘ˆ 	U
ğ‘’ 	e
â„ 	h
ğ‘– 	i
ğ‘— 	j
ğ‘˜ 	k
ğ‘š 	m
ğ‘› 	n
ğ‘œ 	o
ğ¸ 	E
ğ¹ 	F
ğº 	G
ğ» 	H
ğ¼ 	I
ğ½ 	J
ğ¾ 	K
ğ¿ 	L
ğ‘€ 	M
ğ‘ 	N
ğ‘‰ 	V
ğ‘Š 	W
ğ‘‹ 	X
ğ‘Œ 	Y
ğ‘ 	Z
ğ‘‚ 	O
ğ‘  	s
ğ‘Ÿ 	r
ğ‘ 	q
ğ‘ 	p
ğ‘ 	a
ğ‘ 	b
ğ‘ 	c
ğ‘‘ 	d
ğ‘™ 	l
â„² 	F/_
â‰   	=/=
âˆ‰  	e/
V 	_V
CondEq 	CondEq
[ 	[.
] 	].
â¦‹ 	[_
â¦Œ 	]_
âˆ–  	\
âˆª  	u.
âˆ©  	i^i
âŠ†  	C_
âŠŠ  	C.
â–³  	/_\
âˆ… 	(/)
if 	if
ğ’«  	~P
âŸ¨ 	<.
âŸ© 	>.
âˆª  	U.
âˆ©  	|^|
âˆª  	U_
âˆ©  	|^|_
Disj  	Disj_
â†¦  	|->
Tr  	Tr
E  	_E
I  	_I
Po  	Po
Or  	Or
Fr  	Fr
Se  	Se
We  	We
Ã—  	X.
â—¡ 	`'
dom  	dom
ran  	ran
â†¾  	|`
â€œ  	"
âˆ˜  	o.
Rel  	Rel
Pred 	Pred
Ord  	Ord
On 	On
Lim  	Lim
suc  	suc
â„© 	iota
: 	:
Fun  	Fun
Fn  	Fn
âŸ¶ 	-->
â€“1-1â†’ 	-1-1->
â€“ontoâ†’ 	-onto->
â€“1-1-ontoâ†’ 	-1-1-onto->
â€˜ 	`
Isom  	Isom
â„© 	iota_
âˆ˜ğ‘“  	oF
âˆ˜ğ‘Ÿ  	oR
[âŠŠ]  	[C.]
Ï‰ 	_om
1st  	1st
2nd  	2nd
supp  	supp
tpos  	tpos
curry  	curry
uncurry  	uncurry
Undef 	Undef
wrecs 	wrecs
Smo  	Smo
recs 	recs
rec 	rec
seqğœ” 	seqom
1ğ‘œ 	1o
2ğ‘œ 	2o
3ğ‘œ 	3o
4ğ‘œ 	4o
+ğ‘œ  	+o
Â·ğ‘œ  	.o
â†‘ğ‘œ  	^o
Er  	Er
/  	/.
â†‘ğ‘š  	^m
â†‘pm  	^pm
X 	X_
â‰ˆ  	~~
â‰¼  	~<_
â‰º  	~<
Fin 	Fin
finSupp  	finSupp
fi 	fi
sup 	sup
inf 	inf
OrdIso 	OrdIso
har 	har
â‰¼*  	~<_*
CNF  	CNF
TC 	TC
ğ‘…1 	R1
rank 	rank
card 	card
â„µ 	aleph
cf 	cf
AC  	AC_
CHOICE 	CHOICE
+ğ‘  	+c
FinIa 	Fin1a
FinII 	Fin2
FinIII 	Fin3
FinIV 	Fin4
FinV 	Fin5
FinVI 	Fin6
FinVII 	Fin7
GCH 	GCH
Inaccw 	InaccW
Inacc 	Inacc
WUni 	WUni
wUniCl 	wUniCl
Tarski 	Tarski
Univ 	Univ
tarskiMap 	tarskiMap
N 	N.
+N  	+N
Â·N  	.N
<N  	<N
+pQ  	+pQ
Â·pQ  	.pQ
<pQ  	<pQ
~Q  	~Q
Q 	Q.
1Q 	1Q
[Q] 	/Q
+Q  	+Q
Â·Q  	.Q
*Q 	*Q
<Q  	<Q
P 	P.
1P 	1P
+P  	+P.
Â·P  	.P.
<P  	<P
~R  	~R
R 	R.
0R 	0R
1R 	1R
-1R 	-1R
+R  	+R
Â·R  	.R
<R  	<R
<â„  	<RR
â„‚ 	CC
â„ 	RR
0 	0
1 	1
i 	_i
+  	+
Â·  	x.
â‰¤  	<_
+âˆ 	+oo
-âˆ 	-oo
â„* 	RR*
<  	<
âˆ’  	-
- 	-u
â„• 	NN
2 	2
3 	3
4 	4
5 	5
6 	6
7 	7
8 	8
9 	9
10 	10
â„•0 	NN0
â„¤ 	ZZ
; 	;
â„¤â‰¥ 	ZZ>=
â„š 	QQ
â„+ 	RR+
-ğ‘’ 	-e
+ğ‘’  	+e
Â·e  	*e
(,) 	(,)
(,] 	(,]
[,) 	[,)
[,] 	[,]
... 	...
..^ 	..^
âŒŠ 	|_
âŒˆ 	|^
mod  	mod
â‰¡ 	==
seq 	seq
â†‘ 	^
! 	!
C 	_C
# 	#
Word  	Word
lastS  	lastS
++  	++
âŸ¨â€œ 	<"
â€âŸ© 	">
substr  	substr
splice  	splice
reverse 	reverse
repeatS  	repeatS
cyclShift  	cyclShift
t+ 	t+
t* 	t*
â†‘ğ‘Ÿ 	^r
t*rec 	t*rec
shift  	shift
sgn 	sgn
â„œ 	Re
â„‘ 	Im
âˆ— 	*
âˆš 	sqrt
abs 	abs
Â± 	+-
lim sup 	limsup
lim sup 	limsupOLD
â‡  	~~>
â‡ğ‘Ÿ  	~~>r
ğ‘‚(1) 	O(1)
â‰¤ğ‘‚(1) 	<_O(1)
Î£ 	sum_
âˆ 	prod_
FallFac  	FallFac
RiseFac  	RiseFac
BernPoly  	BernPoly
exp 	exp
e 	_e
sin 	sin
cos 	cos
tan 	tan
Ï€ 	_pi
Ï€ 	_piOLD
âˆ¥  	||
bits 	bits
sadd  	sadd
smul  	smul
gcd  	gcd
lcm  	lcm
lcm 	_lcm
lcm  	lcmOLD
lcm 	_lcmOLD
â„™ 	Prime
numer 	numer
denom 	denom
odâ„¤ 	odZ
odâ„¤ 	odZOLD
Ï• 	phi
pCnt  	pCnt
â„¤[i] 	Z[i]
AP 	AP
MonoAP  	MonoAP
PolyAP  	PolyAP
Ramsey  	Ramsey
Ramsey  	RamseyOLD
#p 	#p
Struct  	Struct
ndx 	ndx
sSet  	sSet
Slot  	Slot
Base 	Base
â†¾s  	|`s
+g 	+g
.r 	.r
*ğ‘Ÿ 	*r
Scalar 	Scalar
Â·ğ‘   	.s
Â·ğ‘– 	.i
TopSet 	TopSet
le 	le
oc 	oc
dist 	dist
UnifSet 	UnifSet
Hom  	Hom
comp 	comp
â†¾t  	|`t
TopOpen 	TopOpen
topGen 	topGen
âˆt 	Xt_
0g 	0g
Î£g  	gsum
Xs 	Xs_
â†‘s  	^s
ordTop 	ordTop
â„*ğ‘  	RR*s
â€œs  	"s
â€œs  	"sOLD
/s  	/s
qTop  	qTop
Ã—s  	Xs.
Moore 	Moore
mrCls 	mrCls
mrInd 	mrInd
ACS 	ACS
Cat 	Cat
Id 	Id
Homf  	Homf
compf 	comf
oppCat 	oppCat
Mono 	Mono
Epi 	Epi
Sect 	Sect
Inv 	Inv
Iso 	Iso
â‰ƒğ‘  	~=c
âŠ†cat  	C_cat
â†¾cat  	|`cat
Subcat 	Subcat
Func  	Func
idfunc 	idFunc
âˆ˜func  	o.func
â†¾f  	|`f
Full  	Full
Faith  	Faith
Nat  	Nat
FuncCat  	FuncCat
InitO 	InitO
TermO 	TermO
ZeroO 	ZeroO
doma 	domA
coda 	codA
Arrow 	Arrow
Homa 	HomA
Ida 	IdA
compa 	compA
SetCat 	SetCat
CatCat 	CatCat
ExtStrCat 	ExtStrCat
Ã—c  	Xc.
1stF  	1stF
2ndF  	2ndF
âŸ¨,âŸ©F  	pairF
evalF  	evalF
curryF  	curryF
uncurryF  	uncurryF
Î”func 	DiagFunc
HomF 	HomF
Yon 	Yon
Preset  	Preset
Dirset 	Dirset
Poset 	Poset
lt 	lt
lub 	lub
glb 	glb
join 	join
meet 	meet
Toset 	Toset
1. 	1.
0. 	0.
Lat 	Lat
CLat 	CLat
ODual 	ODual
toInc 	toInc
DLat 	DLat
PosetRel 	PosetRel
TosetRel  	TosetRel
DirRel 	DirRel
tail 	tail
+ğ‘“ 	+f
Mgm 	Mgm
SGrp 	SGrp
Mnd 	Mnd
MndOLD 	MndOLD
MndHom  	MndHom
SubMnd 	SubMnd
freeMnd 	freeMnd
varFMnd 	varFMnd
Grp 	Grp
invg 	invg
-g 	-g
.g 	.g
~QG  	~QG
SubGrp 	SubGrp
NrmSGrp 	NrmSGrp
GrpHom  	GrpHom
GrpIso  	GrpIso
â‰ƒğ‘”  	~=g
GrpAct  	GrpAct
Cntr 	Cntr
Cntz 	Cntz
oppg 	oppG
SymGrp 	SymGrp
pmTrsp 	pmTrsp
pmSgn 	pmSgn
pmEven 	pmEven
od 	od
od 	odOLD
gEx 	gEx
gEx 	gExOLD
pGrp  	pGrp
pGrp  	pGrpOLD
pSyl  	pSyl
LSSum 	LSSum
proj1 	proj1
~FG  	~FG
freeGrp 	freeGrp
varFGrp 	varFGrp
CMnd 	CMnd
Abel 	Abel
CycGrp 	CycGrp
DProd  	DProd
dProj 	dProj
mulGrp 	mulGrp
1r 	1r
SRing 	SRing
Ring 	Ring
CRing 	CRing
oppr 	oppR
âˆ¥r 	||r
Unit 	Unit
Irred 	Irred
invr 	invr
/r 	/r
RingHom  	RingHom
RingIso  	RingIso
â‰ƒğ‘Ÿ  	~=r
DivRing 	DivRing
Field 	Field
SubRing 	SubRing
RingSpan 	RingSpan
AbsVal 	AbsVal
*-Ring 	*Ring
*rf 	*rf
LMod 	LMod
Â·sf  	.sf
LSubSp 	LSubSp
LSpan 	LSpan
LMHom  	LMHom
LMIso  	LMIso
â‰ƒğ‘š  	~=m
LBasis 	LBasis
LVec 	LVec
subringAlg  	subringAlg
ringLMod 	ringLMod
RSpan 	RSpan
LIdeal 	LIdeal
2Ideal 	2Ideal
LPIdeal 	LPIdeal
LPIR 	LPIR
NzRing 	NzRing
RLReg 	RLReg
Domn 	Domn
IDomn 	IDomn
PID 	PID
AssAlg 	AssAlg
AlgSpan 	AlgSpan
algSc 	algSc
mPwSer  	mPwSer
mVar  	mVar
mPoly  	mPoly
<bag  	<bag
ordPwSer  	ordPwSer
evalSub  	evalSub
eval  	eval
mHomP  	mHomP
mPSDer  	mPSDer
selectVars  	selectVars
AlgInd  	AlgInd
PwSer1 	PwSer1
var1 	var1
Poly1 	Poly1
coe1 	coe1
toPoly1 	toPoly1
evalSub1  	evalSub1
eval1 	eval1
PsMet 	PsMet
âˆMet 	*Met
Met 	Met
ball 	ball
fBas 	fBas
filGen 	filGen
MetOpen 	MetOpen
metUnif 	metUnif
â„‚fld 	CCfld
â„¤ring 	ZZring
â„¤RHom 	ZRHom
â„¤Mod 	ZMod
chr 	chr
â„¤/nâ„¤ 	Z/nZ
â„fld 	RRfld
PreHil 	PreHil
Â·if 	.if
ocv 	ocv
CSubSp 	CSubSp
toHL 	toHL
proj 	proj
Hil 	Hil
OBasis 	OBasis
âŠ•m  	(+)m
freeLMod  	freeLMod
unitVec  	unitVec
LIndF  	LIndF
LIndS 	LIndS
maMul  	maMul
Mat  	Mat
DMat  	DMat
ScMat  	ScMat
maVecMul  	maVecMul
matRRep  	matRRep
matRepV  	matRepV
subMat  	subMat
maDet  	maDet
maAdju  	maAdju
minMatR1  	minMatR1
ConstPolyMat  	ConstPolyMat
matToPolyMat  	matToPolyMat
cPolyMatToMat  	cPolyMatToMat
decompPMat  	decompPMat
pMatToMatPoly  	pMatToMatPoly
CharPlyMat  	CharPlyMat
Top 	Top
TopOn 	TopOn
TopSp 	TopSp
TopBases 	TopBases
int 	int
cls 	cls
Clsd 	Clsd
nei 	nei
limPt 	limPt
Perf 	Perf
Cn  	Cn
CnP  	CnP
â‡ğ‘¡ 	~~>t
Kol2 	Kol2
Fre 	Fre
Haus 	Haus
Reg 	Reg
Nrm 	Nrm
CNrm 	CNrm
PNrm 	PNrm
Comp 	Comp
Con 	Con
1stğœ” 	1stc
2ndğœ” 	2ndc
Locally  	Locally
ğ‘›-Locally  	N-Locally
Ref 	Ref
PtFin 	PtFin
LocFin 	LocFin
ğ‘˜Gen 	kGen
Ã—t  	tX
^ko  	^ko
KQ 	KQ
Homeo 	Homeo
â‰ƒ  	~=
Fil 	Fil
UFil 	UFil
UFL 	UFL
FilMap  	FilMap
fLimf  	fLimf
fLim  	fLim
fClus  	fClus
fClusf  	fClusf
CnExt 	CnExt
TopMnd 	TopMnd
TopGrp 	TopGrp
tsums  	tsums
TopRing 	TopRing
TopDRing 	TopDRing
TopMod 	TopMod
TopVec 	TopVec
UnifOn 	UnifOn
unifTop 	unifTop
UnifSt 	UnifSt
UnifSp 	UnifSp
toUnifSp 	toUnifSp
Cnu 	uCn
CauFilu 	CauFilU
CUnifSp 	CUnifSp
âˆMetSp 	*MetSp
MetSp 	MetSp
toMetSp 	toMetSp
norm 	norm
NrmGrp 	NrmGrp
toNrmGrp  	toNrmGrp
NrmRing 	NrmRing
NrmMod 	NrmMod
NrmVec 	NrmVec
normOp  	normOp
normOp  	normOpOLDOLD
NGHom  	NGHom
NMHom  	NMHom
NGHom  	NGHomOLD
II 	II
â€“cnâ†’ 	-cn->
Htpy  	Htpy
PHtpy 	PHtpy
â‰ƒph 	~=ph
*ğ‘ 	*p
Î©1  	Om1
Î©ğ‘›  	OmN
Ï€1  	pi1
Ï€n  	piN
â„‚Mod 	CMod
â„‚Vec 	CVec
â„‚PreHil 	CPreHil
toâ„‚Hil 	toCHil
CauFil 	CauFil
Cau 	Cau
CMet 	CMet
CMetSp 	CMetSp
Ban 	Ban
â„‚Hil 	CHil
â„^ 	RR^
ğ”¼hil 	EEhil
vol* 	vol*
vol* 	vol*OLD
vol 	vol
MblFn 	MblFn
ğ¿1 	L^1
âˆ«1 	S.1
âˆ«2 	S.2
âˆ« 	S.
â¨œ 	S_
d 	_d
0ğ‘ 	0p
limâ„‚  	limCC
D  	_D
Dğ‘›  	Dn
Cn 	C^n
mDeg  	mDeg
deg1  	deg1
Monic1p 	Monic1p
Unic1p 	Unic1p
quot1p 	quot1p
rem1p 	rem1p
idlGen1p 	idlGen1p
idlGen1p 	idlGen1pOLD
Poly 	Poly
Xp 	Xp
coeff 	coeff
deg 	deg
quot  	quot
ğ”¸ 	AA
Tayl  	Tayl
Ana 	Ana
â‡ğ‘¢ 	~~>u
log 	log
â†‘ğ‘ 	^c
logb  	logb
arcsin 	arcsin
arccos 	arccos
arctan 	arctan
area 	area
Î³ 	gamma
Î¶ 	zeta
Î“ 	_G
log Î“ 	log_G
1/Î“ 	1/_G
Î¸ 	theta
Î› 	Lam
Ïˆ 	psi
Ï€ 	ppi
Î¼ 	mmu
Ïƒ  	sigma
DChr 	DChr
/L  	/L
TarskiG 	TarskiG
Itv 	Itv
LineG 	LineG
TarskiGC 	TarskiGC
TarskiGB 	TarskiGB
TarskiGCB 	TarskiGCB
TarskiGE 	TarskiGE
DimTarskiGâ‰¥ 	TarskiGDim>=
cgrG 	cgrG
Ismt 	Ismt
â‰¤G 	leG
hlG 	hlG
pInvG 	pInvG
âˆŸG 	raG
âŸ‚G 	perpG
hpG 	hpG
midG 	midG
lInvG 	lInvG
cgrA 	cgrA
inA 	inA
â‰¤âˆ  	leA
eqltrG 	eqltrG
toTG 	toTG
ğ”¼ 	EE
Btwn  	Btwn
Cgr 	Cgr
EEG 	EEG
UHGrph  	UHGrph
USHGrph  	USHGrph
UMGrph  	UMGrph
USLGrph  	USLGrph
USGrph  	USGrph
Edges  	Edges
Neighbors  	Neighbors
ComplUSGrph  	ComplUSGrph
UnivVertex  	UnivVertex
Walks  	Walks
Trails  	Trails
Paths  	Paths
SPaths  	SPaths
WalkOn  	WalkOn
TrailOn  	TrailOn
PathOn  	PathOn
SPathOn  	SPathOn
Circuits  	Circuits
Cycles  	Cycles
ConnGrph  	ConnGrph
WWalks  	WWalks
WWalksN  	WWalksN
ClWalks  	ClWalks
ClWWalks  	ClWWalks
ClWWalksN  	ClWWalksN
2WalksOt  	2WalksOt
2WalksOnOt  	2WalksOnOt
2SPathOnOt  	2SPathOnOt
2SPathsOt  	2SPathsOt
VDeg  	VDeg
RegGrph  	RegGrph
RegUSGrph  	RegUSGrph
EulPaths  	EulPaths
FriendGrph  	FriendGrph
Plig 	Plig
RPrime 	RPrime
GrpOp 	GrpOp
GId 	GId
inv 	inv
/ğ‘”  	/g
â†‘ğ‘” 	^g
AbelOp 	AbelOp
SubGrpOp 	SubGrpOp
Ass 	Ass
ExId  	ExId
Magma 	Magma
SemiGrp 	SemiGrp
MndOp 	MndOp
GrpOpHom  	GrpOpHom
GrpOpIso  	GrpOpIso
RingOps 	RingOps
DivRingOps 	DivRingOps
*-Fld 	*-Fld
Com2 	Com2
Fld 	Fld
CVecOLD 	CVecOLD
NrmCVec 	NrmCVec
+ğ‘£  	+v
BaseSet 	BaseSet
Â·ğ‘ OLD  	.sOLD
0vec 	0vec
âˆ’ğ‘£  	-v
normCV 	normCV
IndMet 	IndMet
Â·ğ‘–OLD 	.iOLD
SubSp 	SubSp
LnOp  	LnOp
normOpOLD  	normOpOLD
BLnOp  	BLnOp
0op  	0op
adj 	adj
HmOp 	HmOp
CPreHilOLD 	CPreHilOLD
CBan 	CBan
CHilOLD 	CHilOLD
â„‹ 	~H
+â„  	+h
Â·â„  	.h
0â„ 	0h
âˆ’â„  	-h
Â·ih  	.ih
normâ„ 	normh
Cauchy 	Cauchy
â‡ğ‘£  	~~>v
Sâ„‹  	SH
Câ„‹  	CH
âŠ¥ 	_|_
+â„‹  	+H
span 	span
âˆ¨â„‹  	vH
âˆ¨â„‹  	\/H
0â„‹ 	0H
ğ¶â„‹  	C_H
projâ„ 	projh
0hop  	0hop
Iop  	Iop
+op  	+op
Â·op  	.op
âˆ’op  	-op
+fn  	+fn
Â·fn  	.fn
normop 	normop
ConOp 	ConOp
LinOp 	LinOp
BndLinOp 	BndLinOp
UniOp 	UniOp
HrmOp 	HrmOp
normfn 	normfn
null 	null
ConFn 	ConFn
LinFn 	LinFn
adjâ„ 	adjh
bra 	bra
ketbra  	ketbra
â‰¤op  	<_op
eigvec 	eigvec
eigval 	eigval
Lambda 	Lambda
States 	States
CHStates 	CHStates
HAtoms 	HAtoms
â‹–â„‹  	<oH
ğ‘€â„‹  	MH
ğ‘€â„‹*  	MH*
class-n 	class-n
class-o 	class-o
/ğ‘’  	/e
oMnd 	oMnd
oGrp 	oGrp
sgns 	sgns
â‹˜ 	<<<
Archi 	Archi
SLMod 	SLMod
oRing 	oRing
oField 	oField
â†¾v  	|`v
subMat1 	subMat1
litMat 	litMat
CovHasRef 	CovHasRef
Ldlf 	Ldlf
Paracomp 	Paracomp
~Met 	~Met
pstoMet 	pstoMet
HCmp 	HCmp
â„šHom 	QQHom
â„Hom 	RRHom
â„Ext  	RRExt
â„*Hom 	RR*Hom
ManTop 	ManTop
ğŸ­ 	_Ind
Î£* 	sum*
âˆ˜ğ‘“/ğ‘ 	oFC
sigAlgebra 	sigAlgebra
sigaGen 	sigaGen
ğ”…â„ 	BrSiga
Ã—s  	sX
measures 	measures
Î´ 	Ddelta
a.e. 	ae
~ a.e. 	~ae
MblFnM 	MblFnM
toOMeas 	toOMeas
toOMeas 	toOMeasOLD
toCaraSiga 	toCaraSiga
sitg 	sitg
sitm 	sitm
itgm 	itgm
seqstr 	seqstr
Fibci 	Fibci
Prob 	Prob
cprob 	cprob
rRndVar 	rRndVar
âˆ˜RV/ğ‘ 	oRVC
TarskiG2D 	TarskiG2D
AFS 	AFS
ğœ‘â€² 	ph'
ğœ“â€² 	ps'
ğœ’â€² 	ch'
ğœƒâ€² 	th'
ğœâ€² 	ta'
ğœ‚â€² 	et'
ğœâ€² 	ze'
ğœâ€² 	si'
ğœŒâ€² 	rh'
ğœ‘â€³ 	ph"
ğœ“â€³ 	ps"
ğœ’â€³ 	ch"
ğœƒâ€³ 	th"
ğœâ€³ 	ta"
ğœ‚â€³ 	et"
ğœâ€³ 	ze"
ğœâ€³ 	si"
ğœŒâ€³ 	rh"
ğœ‘0 	ph0
ğœ“0 	ps0
ğœ’0 	ch0_
ğœƒ0 	th0
ğœ0 	ta0
ğœ‚0 	et0
ğœ0 	ze0
ğœ0 	si0
ğœŒ0 	rh0
ğœ‘1 	ph1
ğœ“1 	ps1
ğœ’1 	ch1
ğœƒ1 	th1
ğœ1 	ta1
ğœ‚1 	et1
ğœ1 	ze1
ğœ1 	si1
ğœŒ1 	rh1
ğ‘â€² 	a'
ğ‘â€² 	b'
ğ‘â€² 	c'
ğ‘‘â€² 	d'
ğ‘’â€² 	e'
ğ‘“â€² 	f'
ğ‘”â€² 	g'
â„â€² 	h'
ğ‘–â€² 	i'
ğ‘—â€² 	j'
ğ‘˜â€² 	k'
ğ‘™â€² 	l'
ğ‘šâ€² 	m'
ğ‘›â€² 	n'
ğ‘œâ€² 	o'_
ğ‘â€² 	p'
ğ‘â€² 	q'
ğ‘Ÿâ€² 	r'
ğ‘ â€² 	s'_
ğ‘¡â€² 	t'
ğ‘¢â€² 	u'
ğ‘£â€² 	v'_
ğ‘¤â€² 	w'
ğ‘¥â€² 	x'
ğ‘¦â€² 	y'
ğ‘§â€² 	z'
ğ‘â€³ 	a"
ğ‘â€³ 	b"
ğ‘â€³ 	c"
ğ‘‘â€³ 	d"
ğ‘’â€³ 	e"
ğ‘“â€³ 	f"
ğ‘”â€³ 	g"
â„â€³ 	h"
ğ‘–â€³ 	i"
ğ‘—â€³ 	j"
ğ‘˜â€³ 	k"
ğ‘™â€³ 	l"
ğ‘šâ€³ 	m"
ğ‘›â€³ 	n"
ğ‘œâ€³ 	o"_
ğ‘â€³ 	p"
ğ‘â€³ 	q"
ğ‘Ÿâ€³ 	r"
ğ‘ â€³ 	s"_
ğ‘¡â€³ 	t"
ğ‘¢â€³ 	u"
ğ‘£â€³ 	v"_
ğ‘¤â€³ 	w"
ğ‘¥â€³ 	x"
ğ‘¦â€³ 	y"
ğ‘§â€³ 	z"
ğ‘0 	a0_
ğ‘0 	b0_
ğ‘0 	c0_
ğ‘‘0 	d0
ğ‘’0 	e0
ğ‘“0 	f0_
ğ‘”0 	g0
â„0 	h0
ğ‘–0 	i0
ğ‘—0 	j0
ğ‘˜0 	k0
ğ‘™0 	l0
ğ‘š0 	m0
ğ‘›0 	n0_
ğ‘œ0 	o0_
ğ‘0 	p0
ğ‘0 	q0
ğ‘Ÿ0 	r0
ğ‘ 0 	s0
ğ‘¡0 	t0
ğ‘¢0 	u0
ğ‘£0 	v0
ğ‘¤0 	w0
ğ‘¥0 	x0
ğ‘¦0 	y0
ğ‘§0 	z0
ğ‘1 	a1_
ğ‘1 	b1_
ğ‘1 	c1_
ğ‘‘1 	d1
ğ‘’1 	e1
ğ‘“1 	f1
ğ‘”1 	g1
â„1 	h1
ğ‘–1 	i1
ğ‘—1 	j1
ğ‘˜1 	k1
ğ‘™1 	l1
ğ‘š1 	m1
ğ‘›1 	n1
ğ‘œ1 	o1_
ğ‘1 	p1
ğ‘1 	q1
ğ‘Ÿ1 	r1
ğ‘ 1 	s1
ğ‘¡1 	t1
ğ‘¢1 	u1
ğ‘£1 	v1
ğ‘¤1 	w1
ğ‘¥1 	x1
ğ‘¦1 	y1
ğ‘§1 	z1
ğ´â€² 	A'
ğµâ€² 	B'
ğ¶â€² 	C'
ğ·â€² 	D'
ğ¸â€² 	E'
ğ¹â€² 	F'
ğºâ€² 	G'
ğ»â€² 	H'
ğ¼â€² 	I'
ğ½â€² 	J'
ğ¾â€² 	K'
ğ¿â€² 	L'
ğ‘€â€² 	M'
ğ‘â€² 	N'
ğ‘‚â€² 	O'
ğ‘ƒâ€² 	P'
ğ‘„â€² 	Q'
ğ‘…â€² 	R'
ğ‘†â€² 	S'
ğ‘‡â€² 	T'
ğ‘ˆâ€² 	U'
ğ‘‰â€² 	V'
ğ‘Šâ€² 	W'
ğ‘‹â€² 	X'
ğ‘Œâ€² 	Y'
ğ‘â€² 	Z'
ğ´â€³ 	A"
ğµâ€³ 	B"
ğ¶â€³ 	C"
ğ·â€³ 	D"
ğ¸â€³ 	E"
ğ¹â€³ 	F"
ğºâ€³ 	G"
ğ»â€³ 	H"
ğ¼â€³ 	I"
ğ½â€³ 	J"
ğ¾â€³ 	K"
ğ¿â€³ 	L"
ğ‘€â€³ 	M"
ğ‘â€³ 	N"
ğ‘‚â€³ 	O"
ğ‘ƒâ€³ 	P"
ğ‘„â€³ 	Q"
ğ‘…â€³ 	R"
ğ‘†â€³ 	S"
ğ‘‡â€³ 	T"
ğ‘ˆâ€³ 	U"
ğ‘‰â€³ 	V"
ğ‘Šâ€³ 	W"
ğ‘‹â€³ 	X"
ğ‘Œâ€³ 	Y"
ğ‘â€³ 	Z"
ğ´0 	A0
ğµ0 	B0
ğ¶0 	C0
ğ·0 	D0
ğ¸0 	E0
ğ¹0 	F0
ğº0 	G0
ğ»0 	H0
ğ¼0 	I0
ğ½0 	J0
ğ¾0 	K0
ğ¿0 	L0
ğ‘€0 	M0
ğ‘0 	N0
ğ‘‚0 	O0
ğ‘ƒ0 	P0
ğ‘„0 	Q0
ğ‘…0 	R0
ğ‘†0 	S0
ğ‘‡0 	T0
ğ‘ˆ0 	U0
ğ‘‰0 	V0
ğ‘Š0 	W0
ğ‘‹0 	X0
ğ‘Œ0 	Y0
ğ‘0 	Z0
ğ´1 	A1_
ğµ1 	B1_
ğ¶1 	C1_
ğ·1 	D1_
ğ¸1 	E1
ğ¹1 	F1_
ğº1 	G1_
ğ»1 	H1_
ğ¼1 	I1_
ğ½1 	J1
ğ¾1 	K1
ğ¿1 	L1_
ğ‘€1 	M1_
ğ‘1 	N1
ğ‘‚1 	O1_
ğ‘ƒ1 	P1
ğ‘„1 	Q1
ğ‘…1 	R1_
ğ‘†1 	S1_
ğ‘‡1 	T1
ğ‘ˆ1 	U1
ğ‘‰1 	V1_
ğ‘Š1 	W1
ğ‘‹1 	X1
ğ‘Œ1 	Y1
ğ‘1 	Z1
pred 	_pred
Se  	_Se
FrSe  	_FrSe
trCl 	_trCl
TrFo 	_TrFo
Retr  	Retr
PCon 	PCon
SCon 	SCon
CovMap  	CovMap
âˆˆğ‘” 	e.g
âŠ¼ğ‘” 	|g
âˆ€ğ‘” 	A.g
=ğ‘” 	=g
âˆ§ğ‘” 	/\g
Â¬ğ‘” 	-.g
â†’ğ‘”  	->g
â†”ğ‘”  	<->g
âˆ¨ğ‘”  	\/g
âˆƒğ‘” 	E.g
Fmla 	Fmla
Sat  	Sat
Satâˆˆ  	SatE
âŠ§ 	|=
AxExt 	AxExt
AxRep 	AxRep
AxPow 	AxPow
AxUn 	AxUn
AxReg 	AxReg
AxInf 	AxInf
ZF 	ZF
mCN 	mCN
mVR 	mVR
mType 	mType
mTC 	mTC
mAx 	mAx
mVT 	mVT
mREx 	mREx
mEx 	mEx
mDV 	mDV
mVars 	mVars
mRSubst 	mRSubst
mSubst 	mSubst
mVH 	mVH
mPreSt 	mPreSt
mStRed 	mStRed
mStat 	mStat
mFS 	mFS
mCls 	mCls
mPPSt 	mPPSt
mThm 	mThm
m0St 	m0St
mSA 	mSA
mWGFS 	mWGFS
mSyn 	mSyn
mESyn 	mESyn
mGFS 	mGFS
mTree 	mTree
mST 	mST
mSAX 	mSAX
mUFS 	mUFS
mUV 	mUV
mVL 	mVL
mVSubst 	mVSubst
mFresh 	mFresh
mFRel 	mFRel
mEval 	mEval
mMdl 	mMdl
mUSyn 	mUSyn
mGMdl 	mGMdl
mItp 	mItp
mFromItp 	mFromItp
IntgRing  	IntgRing
cplMetSp  	cplMetSp
HomLimB  	HomLimB
HomLim  	HomLim
polyFld  	polyFld
splitFld1  	splitFld1
splitFld  	splitFld
polySplitLim  	polySplitLim
ZRing 	ZRing
GF  	GF
GFâˆ 	GF_oo
~Qp 	~Qp
/Qp 	/Qp
Qp 	Qp
Zp 	Zp
_Qp 	_Qp
Cp 	Cp
TrPred 	TrPred
wsuc 	wsuc
WLim 	WLim
No  	No
<s  	<s
bday  	bday
âŠ—  	(x)
Bigcup  	Bigcup
SSet  	SSet
Trans  	Trans
Limits  	Limits
Fix  	Fix
Funs  	Funs
Singleton 	Singleton
Singletons  	Singletons
Image 	Image
Cart 	Cart
Img 	Img
Domain 	Domain
Range 	Range
pprod 	pprod
Apply 	Apply
Cup 	Cup
Cap 	Cap
Succ 	Succ
Funpart 	Funpart
FullFun 	FullFun
Restrict 	Restrict
UB 	UB
LB 	LB
âŸª 	<<
âŸ« 	>>
Ã—Ã—  	XX.
OuterFiveSeg  	OuterFiveSeg
TransportTo 	TransportTo
InnerFiveSeg  	InnerFiveSeg
Cgr3 	Cgr3
Colinear  	Colinear
FiveSeg  	FiveSeg
Segâ‰¤  	Seg<_
OutsideOf 	OutsideOf
Line 	Line
LinesEE 	LinesEE
Ray 	Ray
â–³  	_/_\
â–³n  	_/_\^n
Hf  	Hf
Fne 	Fne
gcdOLD  	gcdOLD
Prv  	Prv
â„²â„² 	FF/
sngl  	sngl
tag  	tag
Proj  	Proj
â¦… 	(|
,  	,,
â¦† 	|)
pr1  	pr1
pr2  	pr2
SetâŸ¶  	-Set->
curry_ 	curry_
uncurry_ 	uncurry_
â„â‰¥0 	RR>=0
â„>0 	RR>0
Diag 	Diag
inftyexpi  	inftyexpi
â„‚âˆ 	CCinfty
â„‚Ì… 	CCbar
+âˆ 	pinfty
-âˆ 	minfty
â„Ì… 	RRbar
âˆ 	infty
â„‚Ì‚ 	CChat
â„Ì‚ 	RRhat
+â„‚Ì…  	+cc
-â„‚Ì… 	-cc
prcpal 	prcpal
Arg 	Arg
Â·â„‚Ì…  	.cc
-1â„‚Ì… 	invc
FinSum  	FinSum
â„-Vec 	RRVec
Ï„ 	_tau
Ï„ 	_tauOLD
TotBnd 	TotBnd
Bnd 	Bnd
Ismty  	Ismty
â„n 	Rn
RngHom  	RngHom
RngIso  	RngIso
â‰ƒğ‘Ÿ  	~=R
CRingOps 	CRingOps
Idl 	Idl
PrIdl 	PrIdl
MaxIdl 	MaxIdl
PrRing 	PrRing
Dmn 	Dmn
IdlGen  	IdlGen
Prt  	Prt
LSAtoms 	LSAtoms
LSHyp 	LSHyp
â‹–L  	<oL
LFnl 	LFnl
LKer 	LKer
LDual 	LDual
OP 	OP
cm 	cm
OL 	OL
OML 	OML
â‹–  	<o
Atoms 	Atoms
AtLat 	AtLat
CvLat 	CvLat
HL 	HL
LLines 	LLines
LPlanes 	LPlanes
LVols 	LVols
Lines 	Lines
Points 	Points
PSubSp 	PSubSp
pmap 	pmap
+ğ‘ƒ 	+P
PCl 	PCl
âŠ¥ğ‘ƒ 	_|_P
PSubCl 	PSubCl
LHyp 	LHyp
LAut 	LAut
WAtoms 	WAtoms
PAut 	PAut
LDil 	LDil
LTrn 	LTrn
Dil 	Dil
Trn 	Trn
trL 	trL
TGrp 	TGrp
TEndo 	TEndo
EDRing 	EDRing
EDRingR 	EDRingR
DVecA 	DVecA
DIsoA 	DIsoA
DVecH 	DVecH
ocA 	ocA
vA 	vA
DIsoB 	DIsoB
DIsoC 	DIsoC
DIsoH 	DIsoH
ocH 	ocH
joinH 	joinH
LPol 	LPol
LCDual 	LCDual
mapd 	mapd
HVMap 	HVMap
HDMap1 	HDMap1
HDMap 	HDMap
HGMap 	HGMap
HLHil 	HLHil
NoeACS 	NoeACS
mzPolyCld 	mzPolyCld
mzPoly 	mzPoly
Dioph 	Dioph
Pell1QR 	Pell1QR
Pell14QR 	Pell14QR
Pell1234QR 	Pell1234QR
PellFund 	PellFund
PellFund 	PellFundOLD
â—»NN 	[]NN
Xrm  	rmX
Yrm  	rmY
LFinGen 	LFinGen
LNoeM 	LNoeM
LNoeR 	LNoeR
ldgIdlSeq 	ldgIdlSeq
Monic  	Monic
Poly<  	Poly<
degAA 	degAA
degAA 	degAAOLD
minPolyAA 	minPolyAA
â„¤ 	_ZZ
IntgOver 	IntgOver
MEndo 	MEndo
SubDRing 	SubDRing
CytP 	CytP
TopSep 	TopSep
TopLnd 	TopLnd
r* 	r*
hereditary  	hereditary
Cğ‘ 	_Cc
+ğ‘Ÿ 	+r
-ğ‘Ÿ 	-r
.ğ‘£ 	.v
PtDf 	PtDf
RR3 	RR3
line3 	line3
(    	(.
   ) 	).
   â–¶    	->.
â†’  	->..
   ,    	,.
SAlg 	SAlg
SalOn 	SalOn
SalGen 	SalGen
Î£^ 	sum^
Meas 	Meas
OutMeas 	OutMeas
CaraGen 	CaraGen
jph 	jph
jps 	jps
jch 	jch
jth 	jth
jta 	jta
jet 	jet
jze 	jze
jps 	jsi
jrh 	jrh
jmu 	jmu
jla 	jla
defAt  	defAt
''' 	'''
(( 	((
))  	))
RePart 	RePart
Even  	Even
Odd  	Odd
GoldbachEven  	GoldbachEven
GoldbachOdd  	GoldbachOdd
GoldbachOddALTV  	GoldbachOddALTV
prefix  	prefix
.ef 	.ef
UHGraph  	UHGraph
USHGraph  	USHGraph
Vtx  	Vtx
GrOrder  	GrOrder
GrSize  	GrSize
FinUSGrph  	FinUSGrph
MgmHom  	MgmHom
SubMgm 	SubMgm
clLaw  	clLaw
assLaw  	assLaw
comLaw  	comLaw
intOp  	intOp
clIntOp  	clIntOp
assIntOp  	assIntOp
MgmALT 	MgmALT
CMgmALT 	CMgmALT
SGrpALT 	SGrpALT
CSGrpALT 	CSGrpALT
Rng 	Rng
RngHomo  	RngHomo
RngIsom  	RngIsom
RngCat 	RngCat
RngCatALTV 	RngCatALTV
RingCat 	RingCat
RingCatALTV 	RingCatALTV
DMatALT  	DMatALT
ScMatALT  	ScMatALT
linC  	linC
LinCo  	LinCo
linIndS  	linIndS
linDepS  	linDepS
/f  	/_f
ÎŸ 	_O
#b 	#b
digit 	digit
â‰¥  	>_
>  	>
sinh 	sinh
cosh 	cosh
tanh 	tanh
sec 	sec
csc 	csc
cot 	cot
_ 	_
. 	.
log_ 	log_
Reflexive 	Reflexive
Irreflexive 	Irreflexive
âˆ€! 	A!
